license_id,holder_name,father_name,date_of_birth,aadhaar_number,mobile_number,address,area,police_station,gun_type,weapon_model,license_issue_date,license_expiry_date,weapon_status,is_submitted,submission_reason,submission_date,reminder_sent,reminder_date,remarks
MPBPL10000,Shanaya Ahluwalia,Nirvi Tara,1968-08-29,5531-XXXX-XXXX,+918531993103,"H.No. 427, Kalita Zila, Kamarhati 313760",Kolar,Kolar PS,Revolver,9mm Glock,2023-12-06,2026-12-05,Submitted,False,,,False,,No issue
MPBPL10001,Ojas Sachdev,Romil Kanda,1968-03-03,2690-XXXX-XXXX,+918014715429,"07/60, Kala Circle, Khammam-553123",Jahangirabad,Jahangirabad PS,Rifle,12mm Desert Eagle,2021-08-08,2024-08-07,Suspended,True,Festival,2024-05-14,True,2025-07-28,Delayed submission
MPBPL10002,Farhan Arora,Shlok Ramanathan,1977-09-07,7600-XXXX-XXXX,08215301495,"33/10, Golla Street, Srikakulam 826061",Jahangirabad,Jahangirabad PS,Rifle,12mm Glock,2020-12-13,2023-12-13,Suspended,False,,,True,2025-07-28,Delayed submission
MPBPL10003,Ira Talwar,Shlok Rastogi,1995-09-15,5698-XXXX-XXXX,09783209632,"50/578, Barman Path, Madanapalle-189977",Jahangirabad,Jahangirabad PS,Rifle,10mm Glock,2024-03-18,2027-03-18,Suspended,False,,,True,2025-07-28,No issue
MPBPL10004,Veer Vig,Baiju Sane,1961-05-08,1710-XXXX-XXXX,3368948076,"H.No. 048, Ganguly Circle, Sasaram-299617",MP Nagar,MP Nagar PS,Pistol,11mm Colt,2020-10-19,2023-10-19,Overdue,True,Riot,2025-02-21,True,2025-07-28,No issue
MPBPL10005,Pari Ahuja,Biju Uppal,1969-07-06,1406-XXXX-XXXX,+914606006416,"46/039, Bhatti Nagar, Tinsukia-821866",Habibganj,Habibganj PS,Pistol,10mm Desert Eagle,2021-10-07,2024-10-06,Submitted,True,Election,2025-01-03,True,2025-07-28,Delayed submission
MPBPL10006,Nirvaan Rattan,Prisha Sura,1994-06-28,6437-XXXX-XXXX,+912715715902,"H.No. 013, Thakkar Chowk, Sagar 258259",MP Nagar,MP Nagar PS,Rifle,9mm Colt,2023-10-17,2026-10-16,Suspended,True,Festival,2025-02-18,True,2025-07-28,
MPBPL10007,Lavanya Dora,Shaan Golla,1976-01-12,9353-XXXX-XXXX,1886600233,"H.No. 758, Saha Marg, Bhusawal 379520",Ashoka Garden,Ashoka Garden PS,Double Barrel,11mm Glock,2021-07-07,2024-07-06,Overdue,True,Riot,2025-02-27,True,2025-07-28,Delayed submission
MPBPL10008,Tarini Aurora,Dhanuk Sule,1990-12-07,1478-XXXX-XXXX,00126881042,"38, Rastogi Path, Coimbatore 059511",Piplani,Piplani PS,Revolver,11mm Beretta,2023-12-31,2026-12-30,Issued,False,,,False,,Pending renewal
MPBPL10009,Krish Bhakta,Divyansh Dubey,1969-07-17,8382-XXXX-XXXX,09528674922,"H.No. 75, Basu Circle, Allahabad-052945",Jahangirabad,Jahangirabad PS,Pistol,12mm Desert Eagle,2021-01-30,2024-01-30,Suspended,False,,,True,2025-07-28,Pending renewal
MPBPL10010,Urvi Sekhon,Mamooty Sodhi,1991-08-06,4239-XXXX-XXXX,03950987568,"41/518, Halder Nagar, Alappuzha 401110",Shahpura,Shahpura PS,Double Barrel,11mm Desert Eagle,2022-01-26,2025-01-25,Submitted,False,,,True,2025-07-28,
MPBPL10011,Ehsaan Bhandari,Jayesh Chad,1991-06-09,6507-XXXX-XXXX,06102211168,"H.No. 84, Gill Marg, Kollam 841914",TT Nagar,TT Nagar PS,Rifle,10mm Desert Eagle,2021-04-19,2024-04-18,Submitted,False,,,True,2025-07-28,
MPBPL10012,Vihaan Roy,Jayesh Batta,1994-07-20,3990-XXXX-XXXX,07719411903,"08/54, Sachdeva Marg, Kozhikode 882674",MP Nagar,MP Nagar PS,Rifle,12mm Desert Eagle,2020-11-04,2023-11-04,Submitted,True,Voluntary,2022-01-30,True,2025-07-28,No issue
MPBPL10013,Tanya Kar,Bhavin Raval,1980-02-12,7514-XXXX-XXXX,05991270375,"H.No. 06, Bahri Circle, Cuttack-527217",Piplani,Piplani PS,Rifle,12mm Beretta,2024-02-04,2027-02-03,Issued,False,,,True,2025-07-28,Delayed submission
MPBPL10014,Zain Jain,Mannat Khosla,1987-02-05,4422-XXXX-XXXX,9567486493,"H.No. 21, Garg Marg, Alappuzha-764572",Kolar,Kolar PS,Double Barrel,12mm Colt,2021-06-26,2024-06-25,Issued,False,,,True,2025-07-28,No issue
MPBPL10015,Reyansh Bal,Myra Jaggi,1998-07-25,8187-XXXX-XXXX,03987054433,"33/00, Bajwa Ganj, Jamnagar-277928",Habibganj,Habibganj PS,Air Gun,9mm Desert Eagle,2023-07-29,2026-07-28,Submitted,True,Festival,2024-08-26,True,2025-07-28,Pending renewal
MPBPL10016,Tanya Bose,Keya Bobal,2004-03-11,9370-XXXX-XXXX,+913506934497,"814, Basak Nagar, Kamarhati 053346",Ashoka Garden,Ashoka Garden PS,Double Barrel,10mm Beretta,2021-08-11,2024-08-10,Suspended,False,,,True,2025-07-28,
MPBPL10017,Lakshit Rattan,Dhanuk Shah,1980-09-19,3458-XXXX-XXXX,+916984587677,"34/26, Bose Path, Bellary-338684",Jahangirabad,Jahangirabad PS,Revolver,11mm Glock,2021-07-06,2024-07-05,Submitted,True,Voluntary,2025-04-18,True,2025-07-28,No issue
MPBPL10018,Romil Mane,Samaira Chakrabarti,1997-12-12,7956-XXXX-XXXX,0116739453,"889, Ramakrishnan Ganj, Gulbarga-760748",Shahpura,Shahpura PS,Pistol,10mm Colt,2021-11-04,2024-11-03,Suspended,False,,,True,2025-07-28,
MPBPL10019,Bhavin Talwar,Vedika Saran,2000-07-10,6304-XXXX-XXXX,08176901875,"002, Som Nagar, Amroha-124133",Shahpura,Shahpura PS,Rifle,10mm Beretta,2023-06-08,2026-06-07,Suspended,True,Riot,2024-04-02,True,2025-07-28,Pending renewal
MPBPL10020,Ivana Kapadia,Anay Rajan,1961-05-24,9207-XXXX-XXXX,+918651861162,"H.No. 04, Sani Circle, Hubli–Dharwad-917726",Jahangirabad,Jahangirabad PS,Revolver,12mm Beretta,2022-07-11,2025-07-10,Suspended,True,Festival,2023-08-05,True,2025-07-28,No issue
MPBPL10021,Rania Madan,Vidur Sem,1999-10-06,7422-XXXX-XXXX,9757726572,"58, Dyal Nagar, Morena-072104",Kolar,Kolar PS,Revolver,12mm Beretta,2021-03-22,2024-03-21,Issued,False,,,True,2025-07-28,Delayed submission
MPBPL10022,Vivaan Tiwari,Dhanuk Gupta,1959-08-05,3645-XXXX-XXXX,08706521720,"66/72, Anne Ganj, Srinagar 421795",Habibganj,Habibganj PS,Pistol,11mm Beretta,2022-12-02,2025-12-01,Suspended,False,,,True,2025-07-28,No issue
MPBPL10023,Advika Singh,Purab Gaba,1986-11-29,1080-XXXX-XXXX,3561319723,"H.No. 62, Deshmukh Marg, Erode-810987",Kolar,Kolar PS,Rifle,11mm Glock,2022-03-31,2025-03-30,Issued,False,,,True,2025-07-28,Pending renewal
MPBPL10024,Yasmin Lad,Myra Swaminathan,1987-07-14,4090-XXXX-XXXX,+919024130364,"88/41, Solanki Street, Secunderabad-486191",Kolar,Kolar PS,Air Gun,10mm Colt,2020-11-27,2023-11-27,Overdue,False,,,False,,
MPBPL10025,Samaira Kanda,Suhana Jaggi,1969-10-29,6978-XXXX-XXXX,7793875399,"H.No. 67, Mammen Road, Jehanabad 125934",MP Nagar,MP Nagar PS,Double Barrel,10mm Beretta,2024-03-27,2027-03-27,Issued,False,,,False,,
MPBPL10026,Rohan Singhal,Farhan Hari,1978-07-30,5095-XXXX-XXXX,7001650011,"837, Gaba Nagar, Bangalore 429864",Jahangirabad,Jahangirabad PS,Rifle,9mm Desert Eagle,2022-04-18,2025-04-17,Submitted,False,,,True,2025-07-28,Pending renewal
MPBPL10027,Taimur Behl,Devansh Hans,1972-09-07,3585-XXXX-XXXX,01363192713,"545, Mand Circle, Bhalswa Jahangir Pur-740910",Ashoka Garden,Ashoka Garden PS,Air Gun,11mm Glock,2022-08-22,2025-08-21,Overdue,False,,,False,,Pending renewal
MPBPL10028,Aaina Aurora,Akarsh Karnik,1994-02-22,2941-XXXX-XXXX,3384276894,"H.No. 450, Sankaran Marg, Ahmednagar-792063",Piplani,Piplani PS,Air Gun,12mm Glock,2024-03-20,2027-03-20,Issued,False,,,False,,
MPBPL10029,Mamooty Sen,Vanya Chowdhury,1993-10-25,3600-XXXX-XXXX,+915017344239,"01/618, Dube Zila, Khora -707758",Ashoka Garden,Ashoka Garden PS,Revolver,9mm Desert Eagle,2020-12-10,2023-12-10,Issued,False,,,False,,
MPBPL10030,Khushi Chauhan,Abram Bakshi,1994-09-17,1087-XXXX-XXXX,+917300613002,"H.No. 81, Arora Road, Haldia 780589",Kohefiza,Kohefiza PS,Double Barrel,10mm Colt,2022-07-01,2025-06-30,Suspended,False,,,False,,No issue
MPBPL10031,Vritika Kale,Hunar Mallick,1979-05-01,8696-XXXX-XXXX,09061608590,"H.No. 93, Sant Zila, Arrah 957898",Shahpura,Shahpura PS,Revolver,10mm Beretta,2023-06-03,2026-06-02,Suspended,True,Election,2024-11-25,True,2025-07-28,No issue
MPBPL10032,Pari Devi,Indrajit Som,1972-08-25,4637-XXXX-XXXX,1503476940,"99/65, Sangha Street, Meerut-876564",Ashoka Garden,Ashoka Garden PS,Rifle,10mm Colt,2020-10-12,2023-10-12,Issued,True,Riot,2022-11-22,True,2025-07-28,Pending renewal
MPBPL10033,Tara Jaggi,Vidur Bumb,2001-09-27,5911-XXXX-XXXX,3787827562,"455, Wason, Mira-Bhayandar-401749",Habibganj,Habibganj PS,Double Barrel,10mm Colt,2023-08-15,2026-08-14,Overdue,False,,,True,2025-07-28,
MPBPL10034,Umang Tak,Shlok Kaur,1961-01-05,3486-XXXX-XXXX,+914127563347,"H.No. 89, Soni Circle, Haridwar 940090",Habibganj,Habibganj PS,Double Barrel,9mm Beretta,2022-05-15,2025-05-14,Overdue,True,Election,2025-02-09,True,2025-07-28,Pending renewal
MPBPL10035,Heer Madan,Kavya Chandran,1979-12-03,4080-XXXX-XXXX,+917946363915,"H.No. 94, Kara, Madurai-011679",TT Nagar,TT Nagar PS,Pistol,10mm Glock,2024-02-10,2027-02-09,Issued,False,,,False,,Delayed submission
MPBPL10036,Anay Ahluwalia,Charvi Khatri,1966-08-26,5929-XXXX-XXXX,+918045503883,"10, Bajaj Road, Satara 194201",Piplani,Piplani PS,Pistol,11mm Desert Eagle,2024-02-27,2027-02-26,Suspended,False,,,False,,Delayed submission
MPBPL10037,Zara Bala,Kiaan Tailor,2002-10-10,1652-XXXX-XXXX,00980761152,"H.No. 69, Vohra Street, Kishanganj-493822",Kohefiza,Kohefiza PS,Air Gun,11mm Colt,2023-05-11,2026-05-10,Submitted,False,,,False,,Delayed submission
MPBPL10038,Hiran Sundaram,Rasha Chander,2001-04-06,2427-XXXX-XXXX,7548400200,"03/490, Chahal Nagar, Tinsukia-420231",Habibganj,Habibganj PS,Pistol,10mm Colt,2022-03-03,2025-03-02,Issued,False,,,True,2025-07-28,
MPBPL10039,Nehmat Sanghvi,Umang Dara,1963-12-27,9320-XXXX-XXXX,9624331516,"19, Yohannan, Danapur-193326",Bairagarh,Bairagarh PS,Double Barrel,10mm Colt,2022-02-08,2025-02-07,Submitted,False,,,False,,No issue
MPBPL10040,Badal Sani,Dhanush Sodhi,1974-07-26,3210-XXXX-XXXX,03305810096,"H.No. 610, Sem, Jaipur 165241",MP Nagar,MP Nagar PS,Revolver,11mm Desert Eagle,2021-08-25,2024-08-24,Overdue,False,,,False,,No issue
MPBPL10041,Arnav Sandal,Aradhya Bassi,1984-12-25,4203-XXXX-XXXX,3279074216,"256, Kapur Street, Phagwara 811918",Shahpura,Shahpura PS,Air Gun,9mm Glock,2020-12-15,2023-12-15,Suspended,False,,,False,,Pending renewal
MPBPL10042,Kismat Virk,Neelofar Shroff,2002-08-09,6978-XXXX-XXXX,09288761539,"232, Kanda Zila, Jamshedpur-603456",Kolar,Kolar PS,Rifle,12mm Beretta,2023-02-05,2026-02-04,Suspended,True,Festival,2025-03-18,True,2025-07-28,
MPBPL10043,Darshit Cheema,Neelofar Savant,1989-03-08,2951-XXXX-XXXX,4819776169,"10, Desai Marg, Pimpri-Chinchwad 421591",Kohefiza,Kohefiza PS,Rifle,10mm Desert Eagle,2021-12-16,2024-12-15,Suspended,False,,,False,,
MPBPL10044,Advik Mammen,Bhamini Ratta,1994-11-07,7689-XXXX-XXXX,+915176122918,"569, Maharaj Ganj, Farrukhabad-101220",TT Nagar,TT Nagar PS,Rifle,9mm Beretta,2023-09-25,2026-09-24,Submitted,True,,2024-04-01,True,2025-07-28,Pending renewal
MPBPL10045,Seher Dave,Anika Subramanian,1971-07-12,3224-XXXX-XXXX,2489661053,"174, Bahl, Ujjain 309504",Kolar,Kolar PS,Air Gun,9mm Glock,2022-09-30,2025-09-29,Overdue,True,Riot,2023-01-09,True,2025-07-28,
MPBPL10046,Eshani Chatterjee,Parinaaz Khatri,1990-08-08,4475-XXXX-XXXX,06693589478,"07, Wagle Street, Asansol 335592",Bairagarh,Bairagarh PS,Pistol,9mm Glock,2022-07-23,2025-07-22,Suspended,True,Election,2024-02-18,True,2025-07-28,No issue
MPBPL10047,Jayant Soni,Nirvi Rajan,1960-01-27,3982-XXXX-XXXX,+917473673518,"H.No. 545, Bahri Street, New Delhi 489502",Piplani,Piplani PS,Double Barrel,11mm Desert Eagle,2022-11-14,2025-11-13,Submitted,True,Voluntary,2024-02-01,True,2025-07-28,Pending renewal
MPBPL10048,Kimaya Das,Ranbir Yadav,1999-07-25,6463-XXXX-XXXX,4405624717,"828, Roy Nagar, Sri Ganganagar-214140",Kolar,Kolar PS,Double Barrel,9mm Glock,2021-03-13,2024-03-12,Submitted,False,,,False,,No issue
MPBPL10049,Navya Rao,Bhamini Bal,1970-10-11,9013-XXXX-XXXX,3800163126,"H.No. 973, Dash Circle, Shimla 081604",Shahpura,Shahpura PS,Revolver,12mm Beretta,2022-03-08,2025-03-07,Issued,True,Festival,2024-09-19,True,2025-07-28,Delayed submission
MPBPL10050,Shray Keer,Bhavin Korpal,1964-06-17,6423-XXXX-XXXX,4145033610,"H.No. 88, Lall Nagar, Guntur 596546",Habibganj,Habibganj PS,Double Barrel,11mm Glock,2023-12-27,2026-12-26,Submitted,True,Festival,2024-05-13,True,2025-07-28,Delayed submission
MPBPL10051,Rati Choudhry,Nayantara Chaudhuri,1971-02-16,9112-XXXX-XXXX,6152147217,"58, Chandra, Barasat 158110",Jahangirabad,Jahangirabad PS,Pistol,10mm Beretta,2021-06-11,2024-06-10,Issued,False,,,True,2025-07-28,No issue
MPBPL10052,Manjari Shroff,Mamooty Sami,1964-07-06,6970-XXXX-XXXX,00502151081,"62/699, Ratta Road, Bhiwandi 074827",TT Nagar,TT Nagar PS,Rifle,10mm Beretta,2024-02-07,2027-02-06,Overdue,True,,2025-07-13,True,2025-07-28,Delayed submission
MPBPL10053,Drishya Ranganathan,Tanya Sanghvi,1963-09-29,6720-XXXX-XXXX,03411990593,"79, Bawa Nagar, Saharanpur 730407",MP Nagar,MP Nagar PS,Double Barrel,9mm Glock,2023-05-31,2026-05-30,Submitted,True,Festival,2024-03-27,True,2025-07-28,
MPBPL10054,Zaina Sem,Fateh Mall,1995-03-10,5600-XXXX-XXXX,+917591621775,"690, Chaudhary Zila, Kulti-681480",MP Nagar,MP Nagar PS,Revolver,11mm Desert Eagle,2023-05-12,2026-05-11,Suspended,False,,,False,,Delayed submission
MPBPL10055,Kiara Sahni,Sara Kapur,1968-12-25,7837-XXXX-XXXX,0638205760,"02/06, Tara Zila, Silchar-931497",MP Nagar,MP Nagar PS,Revolver,12mm Beretta,2023-05-01,2026-04-30,Overdue,False,,,False,,
MPBPL10056,Chirag Kaur,Samiha Chokshi,1985-07-05,4323-XXXX-XXXX,03440256095,"829, Chaudry Marg, Uluberia 888420",Bairagarh,Bairagarh PS,Pistol,9mm Desert Eagle,2022-10-11,2025-10-10,Submitted,False,,,True,2025-07-28,No issue
MPBPL10057,Drishya Loke,Aarush Basu,1969-02-16,1214-XXXX-XXXX,+919557644647,"04, Yadav Marg, Jalna-366308",Kohefiza,Kohefiza PS,Double Barrel,9mm Glock,2020-11-19,2023-11-19,Overdue,True,,2022-06-08,True,2025-07-28,Pending renewal
MPBPL10058,Vihaan Sinha,Manjari Lall,1968-06-04,8243-XXXX-XXXX,5019595798,"H.No. 651, Vasa Zila, Satna-355048",Jahangirabad,Jahangirabad PS,Air Gun,12mm Colt,2022-04-02,2025-04-01,Overdue,True,Festival,2024-10-02,True,2025-07-28,No issue
MPBPL10059,Seher Tella,Anay Rattan,1999-12-11,2202-XXXX-XXXX,4602633030,"62/28, Ram Ganj, Dhule-819361",Kolar,Kolar PS,Rifle,9mm Beretta,2021-10-11,2024-10-10,Overdue,False,,,False,,Pending renewal
MPBPL10060,Bhavin Char,Neysa Chandra,1968-06-14,7740-XXXX-XXXX,+918694005882,"95/511, Shan Ganj, Gudivada 987078",Ashoka Garden,Ashoka Garden PS,Revolver,12mm Beretta,2024-07-02,2027-07-02,Submitted,False,,,True,2025-07-28,Delayed submission
MPBPL10061,Zara Johal,Pranay Vasa,1983-05-01,8819-XXXX-XXXX,03906131789,"415, Chandra Road, Gudivada 097740",Piplani,Piplani PS,Rifle,10mm Beretta,2024-01-21,2027-01-20,Issued,True,Election,2024-04-15,True,2025-07-28,Pending renewal
MPBPL10062,Trisha Rege,Zara Manda,1967-08-12,9036-XXXX-XXXX,08754735796,"H.No. 83, Seshadri Chowk, Moradabad 795803",Jahangirabad,Jahangirabad PS,Rifle,10mm Desert Eagle,2024-07-07,2027-07-07,Suspended,True,Voluntary,2024-11-07,True,2025-07-28,
MPBPL10063,Dhruv Sani,Abram Amble,1969-08-27,2579-XXXX-XXXX,1240663587,"86/59, Chakrabarti Circle, Jammu-982117",MP Nagar,MP Nagar PS,Rifle,9mm Desert Eagle,2021-12-14,2024-12-13,Overdue,False,,,True,2025-07-28,Delayed submission
MPBPL10064,Veer Chhabra,Saira Gole,2001-06-19,3553-XXXX-XXXX,+917476629319,"H.No. 116, Bajwa Zila, Nanded 444988",Bairagarh,Bairagarh PS,Pistol,10mm Beretta,2020-08-16,2023-08-16,Overdue,False,,,True,2025-07-28,
MPBPL10065,Lagan Mammen,Rati Dugar,1981-09-27,3385-XXXX-XXXX,08672752095,"18/583, Ramaswamy Marg, Eluru 828939",Habibganj,Habibganj PS,Rifle,12mm Colt,2023-10-15,2026-10-14,Issued,False,,,True,2025-07-28,Delayed submission
MPBPL10066,Hunar Mall,Emir Ramachandran,1966-05-27,6718-XXXX-XXXX,4451612700,"260, Mangal, Bongaigaon 981213",Jahangirabad,Jahangirabad PS,Air Gun,12mm Desert Eagle,2022-04-10,2025-04-09,Issued,False,,,False,,
MPBPL10067,Chirag Date,Aaryahi Dani,2001-10-09,7249-XXXX-XXXX,07980278707,"61/92, Grover Ganj, Raipur 422764",Shahpura,Shahpura PS,Double Barrel,11mm Beretta,2023-04-10,2026-04-09,Issued,False,,,False,,Delayed submission
MPBPL10068,Onkar Kalla,Anahita Handa,1980-09-18,8750-XXXX-XXXX,+913515840379,"H.No. 64, Gala Chowk, Kirari Suleman Nagar 456395",Kolar,Kolar PS,Pistol,12mm Colt,2023-05-27,2026-05-26,Issued,False,,,True,2025-07-28,No issue
MPBPL10069,Anika Biswas,Hazel Grover,1984-05-26,5002-XXXX-XXXX,+917746653268,"H.No. 69, Comar Marg, Raichur 538968",Jahangirabad,Jahangirabad PS,Rifle,12mm Colt,2022-08-06,2025-08-05,Submitted,True,Festival,2023-03-22,True,2025-07-28,No issue
MPBPL10070,Anya Bhargava,Ishita Hayer,1995-06-10,3466-XXXX-XXXX,02652399028,"H.No. 07, Sehgal Ganj, Jalandhar-190676",Bairagarh,Bairagarh PS,Revolver,12mm Beretta,2020-08-07,2023-08-07,Overdue,False,,,False,,Delayed submission
MPBPL10071,Ritvik Gera,Zara Hans,1981-07-12,4330-XXXX-XXXX,04239115951,"22/800, Sura Street, Sonipat 513420",Shahpura,Shahpura PS,Rifle,10mm Desert Eagle,2022-05-04,2025-05-03,Overdue,True,Voluntary,2024-12-11,True,2025-07-28,No issue
MPBPL10072,Tanya Chaudry,Zaina Deo,1959-08-01,8346-XXXX-XXXX,+915622203717,"H.No. 937, Chanda Road, Alwar 722949",Shahpura,Shahpura PS,Double Barrel,9mm Glock,2021-11-22,2024-11-21,Submitted,True,Voluntary,2022-11-19,True,2025-07-28,Pending renewal
MPBPL10073,Purab Master,Tushar Ahuja,1967-08-11,4177-XXXX-XXXX,0383261501,"738, Kamdar Circle, Jamshedpur 432213",Habibganj,Habibganj PS,Revolver,9mm Colt,2021-05-08,2024-05-07,Overdue,True,Voluntary,2021-06-11,True,2025-07-28,No issue
MPBPL10074,Pari Keer,Emir Mandal,1974-04-06,1693-XXXX-XXXX,03706418632,"02/81, Khare Street, Miryalaguda-529850",TT Nagar,TT Nagar PS,Pistol,10mm Desert Eagle,2024-03-10,2027-03-10,Overdue,True,,2024-09-11,True,2025-07-28,
MPBPL10075,Ishaan Subramanian,Oorja Wali,1997-01-27,4225-XXXX-XXXX,04702920915,"34, Samra Nagar, Erode 005594",Bairagarh,Bairagarh PS,Double Barrel,10mm Glock,2022-12-02,2025-12-01,Issued,False,,,False,,No issue
MPBPL10076,Kaira Datta,Kashvi Bath,1990-03-25,1414-XXXX-XXXX,+916773556420,"29, Master Path, Uluberia 067613",Shahpura,Shahpura PS,Rifle,12mm Colt,2022-10-17,2025-10-16,Issued,True,Election,2024-02-17,True,2025-07-28,Pending renewal
MPBPL10077,Tushar Sharaf,Saira Banerjee,1962-03-26,1538-XXXX-XXXX,09694621527,"70/579, Dugar Zila, Vasai-Virar 817152",Ashoka Garden,Ashoka Garden PS,Revolver,10mm Desert Eagle,2024-05-12,2027-05-12,Issued,True,Riot,2025-07-28,True,2025-07-28,No issue
MPBPL10078,Devansh Mannan,Pari Saran,1960-02-24,8668-XXXX-XXXX,03094360224,"20, Kaur Street, Morbi 130743",Piplani,Piplani PS,Rifle,9mm Desert Eagle,2020-10-19,2023-10-19,Issued,False,,,True,2025-07-28,Delayed submission
MPBPL10079,Aarav Kala,Baiju Shetty,1965-10-07,5058-XXXX-XXXX,6062941771,"064, Hans Street, Gwalior 587069",Jahangirabad,Jahangirabad PS,Double Barrel,12mm Glock,2020-12-06,2023-12-06,Issued,True,Riot,2024-07-10,True,2025-07-28,Delayed submission
MPBPL10080,Jiya Chahal,Yakshit Kanda,1991-12-21,8065-XXXX-XXXX,4756114279,"H.No. 845, Dube Nagar, Jamnagar-089207",Kolar,Kolar PS,Rifle,9mm Glock,2024-04-05,2027-04-05,Suspended,True,,2025-03-18,True,2025-07-28,Pending renewal
MPBPL10081,Vihaan Krishnan,Urvi Bhasin,1999-11-18,4756-XXXX-XXXX,03847681363,"H.No. 60, Dhaliwal Chowk, Dhanbad-304963",TT Nagar,TT Nagar PS,Rifle,10mm Glock,2021-11-13,2024-11-12,Submitted,True,Riot,2022-07-20,True,2025-07-28,No issue
MPBPL10082,Arhaan Thaker,Zaina Uppal,1981-01-29,2480-XXXX-XXXX,01225846136,"59, Dixit Path, Kamarhati 092136",Kolar,Kolar PS,Revolver,11mm Beretta,2020-11-24,2023-11-24,Issued,True,Voluntary,2024-10-20,True,2025-07-28,Delayed submission
MPBPL10083,Miraan Dey,Zara Toor,1989-05-26,9429-XXXX-XXXX,+918644346873,"053, Singhal Street, Tirupati-791297",Ashoka Garden,Ashoka Garden PS,Revolver,9mm Glock,2024-03-27,2027-03-27,Suspended,True,Riot,2025-03-09,True,2025-07-28,Delayed submission
MPBPL10084,Kismat Ratti,Mishti Kakar,1979-10-27,3011-XXXX-XXXX,+910862812797,"665, Andra Road, Ranchi-363031",Shahpura,Shahpura PS,Pistol,9mm Colt,2021-05-16,2024-05-15,Overdue,True,Election,2021-08-14,True,2025-07-28,Delayed submission
MPBPL10085,Manikya Basak,Jhanvi Thaman,1998-08-29,8810-XXXX-XXXX,6109767817,"97/140, Goel Street, Rampur 401834",Jahangirabad,Jahangirabad PS,Pistol,11mm Colt,2024-02-23,2027-02-22,Issued,False,,,True,2025-07-28,Pending renewal
MPBPL10086,Mehul Rama,Anvi Bala,1980-05-02,2709-XXXX-XXXX,+915242346268,"469, Ravel Zila, Indore-534742",Kolar,Kolar PS,Revolver,9mm Beretta,2023-10-08,2026-10-07,Suspended,True,Voluntary,2024-04-03,True,2025-07-28,Pending renewal
MPBPL10087,Tanya Mammen,Dhruv Varkey,1991-11-29,7003-XXXX-XXXX,8196971845,"651, Deshmukh Chowk, Aizawl-087160",Kolar,Kolar PS,Revolver,10mm Glock,2023-10-18,2026-10-17,Submitted,True,Riot,2024-07-27,True,2025-07-28,
MPBPL10088,Navya Sarraf,Rohan Sood,1969-02-17,9735-XXXX-XXXX,+915723954807,"71/47, Kari Nagar, Ulhasnagar 682549",Ashoka Garden,Ashoka Garden PS,Air Gun,9mm Colt,2023-06-18,2026-06-17,Overdue,True,Voluntary,2024-04-14,True,2025-07-28,Delayed submission
MPBPL10089,Ojas Jha,Anahi Karpe,1974-01-03,8715-XXXX-XXXX,5072679183,"H.No. 32, Tella Street, Gaya-974653",Kolar,Kolar PS,Air Gun,11mm Desert Eagle,2021-01-27,2024-01-27,Issued,False,,,True,2025-07-28,
MPBPL10090,Damini Ramakrishnan,Ojas Saini,1986-04-30,2371-XXXX-XXXX,1876232401,"H.No. 650, Gala Zila, Alwar 534175",Habibganj,Habibganj PS,Double Barrel,10mm Colt,2023-01-06,2026-01-05,Suspended,True,,2023-09-15,True,2025-07-28,Delayed submission
MPBPL10091,Hazel Chanda,Khushi Loyal,1988-09-30,4859-XXXX-XXXX,00163953903,"414, Wali Chowk, Asansol 442366",Habibganj,Habibganj PS,Double Barrel,10mm Desert Eagle,2022-01-01,2024-12-31,Submitted,False,,,True,2025-07-28,Pending renewal
MPBPL10092,Pari Mallick,Anaya Andra,1992-01-15,4889-XXXX-XXXX,+915481229534,"66/16, Sanghvi Road, Kishanganj-908933",Shahpura,Shahpura PS,Revolver,12mm Desert Eagle,2021-04-23,2024-04-22,Submitted,True,Voluntary,2024-08-19,True,2025-07-28,Delayed submission
MPBPL10093,Shlok Verma,Aarav Bhandari,2004-07-25,9979-XXXX-XXXX,5365159273,"H.No. 982, Uppal Nagar, Tadepalligudem 971884",Jahangirabad,Jahangirabad PS,Double Barrel,12mm Glock,2021-10-08,2024-10-07,Suspended,False,,,True,2025-07-28,
MPBPL10094,Azad Khalsa,Ranbir Bajaj,1971-09-05,9326-XXXX-XXXX,8644745489,"94/86, Anne Marg, Anantapur 685470",Shahpura,Shahpura PS,Revolver,11mm Colt,2020-09-01,2023-09-01,Overdue,True,Festival,2024-04-25,True,2025-07-28,Delayed submission
MPBPL10095,Jayesh Manne,Indranil Cheema,1998-03-13,4017-XXXX-XXXX,00598131709,"78/58, Deol Circle, Thoothukudi 634567",Shahpura,Shahpura PS,Air Gun,9mm Desert Eagle,2021-10-28,2024-10-27,Suspended,False,,,True,2025-07-28,No issue
MPBPL10096,Baiju Sarma,Anay Magar,1967-10-09,1407-XXXX-XXXX,2722492955,"93/755, Swamy Chowk, Bokaro 932890",Kohefiza,Kohefiza PS,Pistol,9mm Colt,2021-11-30,2024-11-29,Suspended,True,Riot,2024-12-29,True,2025-07-28,No issue
MPBPL10097,Yashvi Apte,Lavanya Lad,1987-06-03,8436-XXXX-XXXX,04750058943,"83/46, Sami Circle, Kirari Suleman Nagar 473247",Jahangirabad,Jahangirabad PS,Pistol,9mm Beretta,2021-07-25,2024-07-24,Suspended,False,,,False,,Pending renewal
MPBPL10098,Aarush Cherian,Raghav Tailor,1967-06-17,9612-XXXX-XXXX,05292745592,"00/84, Balan Ganj, Hubli–Dharwad 740647",MP Nagar,MP Nagar PS,Revolver,12mm Desert Eagle,2022-02-15,2025-02-14,Overdue,False,,,True,2025-07-28,
MPBPL10099,Yuvaan Khare,Tushar Shanker,1970-04-03,8018-XXXX-XXXX,5006070295,"01/06, Apte Nagar, Dhanbad 951932",MP Nagar,MP Nagar PS,Rifle,9mm Glock,2024-05-19,2027-05-19,Issued,True,Riot,2024-08-29,True,2025-07-28,
MPBPL10100,Emir Deol,Veer Sarkar,1986-02-12,9465-XXXX-XXXX,04422047513,"H.No. 11, Mangal Zila, Bhatpara 983070",Kolar,Kolar PS,Double Barrel,10mm Beretta,2023-02-18,2026-02-17,Issued,False,,,True,2025-07-28,Delayed submission
MPBPL10101,Kaira Ghosh,Dhanuk Dara,1990-11-04,5079-XXXX-XXXX,03267565131,"804, Kala Zila, Chennai-446258",Habibganj,Habibganj PS,Double Barrel,12mm Desert Eagle,2021-05-31,2024-05-30,Issued,False,,,False,,Pending renewal
MPBPL10102,Ivan Bhatia,Vivaan Dutt,1988-07-23,1187-XXXX-XXXX,+916513225956,"H.No. 78, Manne Street, Chittoor-466085",Shahpura,Shahpura PS,Pistol,11mm Glock,2024-04-21,2027-04-21,Issued,True,Voluntary,2025-04-28,True,2025-07-28,Pending renewal
MPBPL10103,Bhavin Yohannan,Ojas Chaudhuri,1982-03-30,7964-XXXX-XXXX,+915286962352,"48/958, Buch Marg, Ramagundam 309748",Jahangirabad,Jahangirabad PS,Revolver,12mm Glock,2023-03-03,2026-03-02,Suspended,True,,2023-12-14,True,2025-07-28,Pending renewal
MPBPL10104,Aarna Dugar,Nitya Din,1997-12-25,2915-XXXX-XXXX,+919304283536,"H.No. 202, Roy Zila, Bhubaneswar 048728",Kohefiza,Kohefiza PS,Double Barrel,9mm Beretta,2020-09-16,2023-09-16,Overdue,False,,,False,,Pending renewal
MPBPL10105,Zaina Varkey,Jayan Gole,2001-08-17,3371-XXXX-XXXX,05983632849,"28/17, Krishnamurthy Path, Bihar Sharif-462804",Kolar,Kolar PS,Air Gun,9mm Desert Eagle,2022-12-25,2025-12-24,Issued,False,,,False,,Delayed submission
MPBPL10106,Anahi Rajagopal,Nehmat Tank,1978-11-23,2226-XXXX-XXXX,+919131508657,"440, Kota Circle, Asansol-728223",Ashoka Garden,Ashoka Garden PS,Air Gun,11mm Colt,2021-10-04,2024-10-03,Issued,True,Riot,2024-06-27,True,2025-07-28,Delayed submission
MPBPL10107,Manikya Kulkarni,Saksham Sahni,1977-11-24,1035-XXXX-XXXX,0426047547,"H.No. 771, Sem Marg, Kharagpur-369941",TT Nagar,TT Nagar PS,Rifle,11mm Beretta,2021-11-20,2024-11-19,Issued,True,Election,2025-05-21,True,2025-07-28,Delayed submission
MPBPL10108,Arhaan Khare,Veer Singh,1974-08-01,3108-XXXX-XXXX,+915046324795,"H.No. 270, Buch Circle, Ballia 541224",Habibganj,Habibganj PS,Rifle,11mm Beretta,2024-03-18,2027-03-18,Suspended,True,Election,2024-05-28,True,2025-07-28,Delayed submission
MPBPL10109,Aaina Chaudhary,Tara Wadhwa,1998-11-26,9043-XXXX-XXXX,05721843706,"23, Bal Nagar, Gwalior 012082",Shahpura,Shahpura PS,Rifle,11mm Desert Eagle,2023-02-10,2026-02-09,Issued,False,,,True,2025-07-28,
MPBPL10110,Ivan Hayre,Raunak Ravi,1971-06-06,3173-XXXX-XXXX,+912320033281,"00, Mallick Zila, Silchar 332623",Ashoka Garden,Ashoka Garden PS,Revolver,11mm Beretta,2021-03-30,2024-03-29,Suspended,True,Festival,2021-10-21,True,2025-07-28,Pending renewal
MPBPL10111,Stuvan Goda,Mishti Gokhale,1994-07-26,9372-XXXX-XXXX,+912820630576,"58, Cheema Road, Jabalpur 960440",Ashoka Garden,Ashoka Garden PS,Rifle,9mm Desert Eagle,2022-01-21,2025-01-20,Issued,True,Election,2022-03-14,True,2025-07-28,Pending renewal
MPBPL10112,Ritvik Suri,Neysa Uppal,1978-06-16,4660-XXXX-XXXX,1397641047,"H.No. 42, Baral Path, Ahmedabad-233266",Ashoka Garden,Ashoka Garden PS,Air Gun,12mm Colt,2021-09-14,2024-09-13,Suspended,True,Riot,2024-03-30,True,2025-07-28,Pending renewal
MPBPL10113,Miraya Uppal,Nitara Keer,1989-08-07,5904-XXXX-XXXX,+912732830615,"88, Balan, Hindupur-926470",Kohefiza,Kohefiza PS,Revolver,12mm Colt,2020-08-18,2023-08-18,Issued,True,Election,2023-09-24,True,2025-07-28,Pending renewal
MPBPL10114,Priyansh Bhargava,Tanya Konda,1975-12-21,6731-XXXX-XXXX,6553797401,"03/21, Goda Circle, Bidar 151719",Kohefiza,Kohefiza PS,Air Gun,12mm Colt,2023-10-05,2026-10-04,Issued,False,,,True,2025-07-28,No issue
MPBPL10115,Aradhya Saha,Advik Dayal,1961-04-01,9375-XXXX-XXXX,+917283492599,"30/71, Goswami Nagar, Nadiad-404175",Ashoka Garden,Ashoka Garden PS,Rifle,12mm Glock,2023-04-03,2026-04-02,Suspended,True,Election,2023-11-11,True,2025-07-28,
MPBPL10116,Madhav Ravel,Jayesh Balakrishnan,1986-12-06,3750-XXXX-XXXX,+918876036486,"622, Sarkar Zila, New Delhi-230558",Bairagarh,Bairagarh PS,Double Barrel,9mm Desert Eagle,2022-06-08,2025-06-07,Overdue,True,Festival,2022-12-20,True,2025-07-28,Pending renewal
MPBPL10117,Lagan Jaggi,Aarav Sangha,1977-09-26,1972-XXXX-XXXX,06763629802,"71/22, Verma Zila, Bhavnagar-696410",Kohefiza,Kohefiza PS,Pistol,11mm Colt,2021-06-24,2024-06-23,Suspended,True,Festival,2024-07-02,True,2025-07-28,
MPBPL10118,Yuvaan Sem,Akarsh Kala,1992-05-19,9455-XXXX-XXXX,5080374455,"07, Rout Ganj, Sirsa 373237",Habibganj,Habibganj PS,Air Gun,12mm Beretta,2022-09-10,2025-09-09,Suspended,False,,,False,,Delayed submission
MPBPL10119,Chirag Ratti,Anvi Goswami,1978-05-13,7533-XXXX-XXXX,8568880132,"789, Sahni Marg, Loni-238293",Jahangirabad,Jahangirabad PS,Air Gun,10mm Beretta,2024-06-16,2027-06-16,Issued,True,Voluntary,2024-08-05,True,2025-07-28,Pending renewal
MPBPL10120,Miraya Loke,Prisha Lall,1976-05-07,2548-XXXX-XXXX,06387261496,"H.No. 411, Chakraborty Nagar, Hajipur-254136",Kolar,Kolar PS,Double Barrel,10mm Beretta,2021-11-12,2024-11-11,Suspended,True,Election,2024-04-08,True,2025-07-28,
MPBPL10121,Kismat Toor,Elakshi Divan,1961-10-21,6791-XXXX-XXXX,+912794062736,"H.No. 053, Johal Road, Gurgaon-286450",Bairagarh,Bairagarh PS,Air Gun,9mm Glock,2023-05-29,2026-05-28,Issued,True,,2023-07-25,True,2025-07-28,Delayed submission
MPBPL10122,Neysa Choudhury,Krish Kalla,2000-07-02,2149-XXXX-XXXX,04623916535,"H.No. 223, Cherian Path, Ahmednagar-429465",TT Nagar,TT Nagar PS,Air Gun,12mm Desert Eagle,2023-01-08,2026-01-07,Submitted,False,,,True,2025-07-28,No issue
MPBPL10123,Aaina Varughese,Elakshi Lal,1992-03-03,1560-XXXX-XXXX,+911900897199,"H.No. 518, Dey Zila, Bardhaman 132546",Bairagarh,Bairagarh PS,Air Gun,10mm Glock,2024-06-04,2027-06-04,Overdue,True,,2025-05-04,True,2025-07-28,Delayed submission
MPBPL10124,Kanav Dasgupta,Yasmin Dutt,1968-08-08,1118-XXXX-XXXX,0521349510,"74, Garde Circle, Dharmavaram-418684",Jahangirabad,Jahangirabad PS,Air Gun,9mm Desert Eagle,2021-09-16,2024-09-15,Overdue,False,,,False,,Pending renewal
MPBPL10125,Divij Bedi,Nakul Mangat,1985-08-21,8426-XXXX-XXXX,5106380030,"92/401, Dyal Street, Miryalaguda-679654",Habibganj,Habibganj PS,Pistol,10mm Glock,2024-05-28,2027-05-28,Submitted,False,,,True,2025-07-28,Delayed submission
MPBPL10126,Sana Lad,Dhanush Magar,1978-11-14,2231-XXXX-XXXX,05131130051,"34/87, Char Street, Shivpuri-339118",Shahpura,Shahpura PS,Pistol,10mm Colt,2021-06-23,2024-06-22,Overdue,False,,,False,,Pending renewal
MPBPL10127,Gatik Dash,Hunar Chand,1983-09-04,4095-XXXX-XXXX,9789038695,"H.No. 943, Sachdev Road, Purnia 007601",Habibganj,Habibganj PS,Double Barrel,9mm Colt,2022-08-22,2025-08-21,Suspended,True,,2024-04-20,True,2025-07-28,Pending renewal
MPBPL10128,Adira Dewan,Shalv Dhawan,2003-09-13,9499-XXXX-XXXX,00265600759,"64/86, Goswami Path, Surendranagar Dudhrej 869484",Bairagarh,Bairagarh PS,Air Gun,11mm Beretta,2020-09-27,2023-09-27,Submitted,True,Festival,2025-03-25,True,2025-07-28,No issue
MPBPL10129,Krish Garde,Samar Varughese,1999-04-01,8980-XXXX-XXXX,+918324591209,"H.No. 416, Ranganathan Marg, Hyderabad-026517",MP Nagar,MP Nagar PS,Double Barrel,11mm Beretta,2023-02-13,2026-02-12,Overdue,False,,,False,,
MPBPL10130,Pari Mallick,Tara Ravel,1975-01-26,8694-XXXX-XXXX,04137273830,"58, Gour, Amaravati-022109",Jahangirabad,Jahangirabad PS,Rifle,9mm Glock,2022-12-07,2025-12-06,Issued,False,,,True,2025-07-28,Delayed submission
MPBPL10131,Ehsaan Rastogi,Kaira Bobal,1986-06-26,8670-XXXX-XXXX,1856002383,"17/84, Sarin Chowk, Bardhaman-933075",Ashoka Garden,Ashoka Garden PS,Rifle,12mm Desert Eagle,2020-10-23,2023-10-23,Suspended,False,,,True,2025-07-28,
MPBPL10132,Vivaan Gokhale,Arnav Hayre,1989-08-10,9482-XXXX-XXXX,02692546589,"35/69, Hegde Zila, Pali 755380",Piplani,Piplani PS,Revolver,10mm Desert Eagle,2023-01-20,2026-01-19,Issued,False,,,True,2025-07-28,Pending renewal
MPBPL10133,Kabir Gaba,Dharmajan Keer,1966-10-02,3896-XXXX-XXXX,04320138778,"H.No. 107, Thakur Zila, Bhagalpur-241605",Piplani,Piplani PS,Double Barrel,11mm Beretta,2020-09-06,2023-09-06,Overdue,False,,,False,,Pending renewal
MPBPL10134,Akarsh Dani,Pari Yohannan,2003-03-09,4547-XXXX-XXXX,6686662676,"H.No. 658, Chowdhury Marg, Barasat 199690",Habibganj,Habibganj PS,Revolver,10mm Beretta,2024-04-05,2027-04-05,Issued,True,,2025-01-28,True,2025-07-28,
MPBPL10135,Ryan Ramaswamy,Krish Dhingra,2002-05-28,7804-XXXX-XXXX,5909109225,"19, Ray Street, Visakhapatnam 917756",Jahangirabad,Jahangirabad PS,Revolver,9mm Colt,2023-06-22,2026-06-21,Suspended,True,Riot,2023-07-19,True,2025-07-28,
MPBPL10136,Anvi Savant,Tushar Khare,1985-08-30,1885-XXXX-XXXX,+910002966234,"90, Shenoy Nagar, Thrissur 818280",Habibganj,Habibganj PS,Revolver,11mm Colt,2024-04-21,2027-04-21,Submitted,True,Riot,2025-03-14,True,2025-07-28,No issue
MPBPL10137,Indrajit Sem,Vritika Rau,1981-03-28,8837-XXXX-XXXX,3693458819,"99/12, Savant Zila, Darbhanga 942384",Kohefiza,Kohefiza PS,Air Gun,9mm Desert Eagle,2024-01-30,2027-01-29,Overdue,True,,2024-09-01,True,2025-07-28,Pending renewal
MPBPL10138,Amira Doshi,Zeeshan Sood,2001-07-11,9144-XXXX-XXXX,04243590035,"97/579, Chawla Street, Ambala-818264",Habibganj,Habibganj PS,Rifle,9mm Glock,2023-03-02,2026-03-01,Issued,False,,,True,2025-07-28,
MPBPL10139,Amira Varughese,Jayant Sarin,1990-02-07,8071-XXXX-XXXX,04458259507,"694, Cheema Circle, Hazaribagh-279353",TT Nagar,TT Nagar PS,Double Barrel,12mm Beretta,2021-04-30,2024-04-29,Issued,True,,2022-01-05,True,2025-07-28,Pending renewal
MPBPL10140,Taimur Dewan,Yakshit Bakshi,1982-07-20,6909-XXXX-XXXX,7346704624,"H.No. 69, Kanda Ganj, Ozhukarai 659620",Kolar,Kolar PS,Air Gun,12mm Desert Eagle,2024-06-22,2027-06-22,Overdue,True,Voluntary,2025-02-20,True,2025-07-28,Pending renewal
MPBPL10141,Ryan Varughese,Renee Basak,1980-05-09,1237-XXXX-XXXX,8108808098,"33/614, Wali, Meerut-540024",Kolar,Kolar PS,Double Barrel,11mm Glock,2020-08-25,2023-08-25,Submitted,True,,2020-09-09,True,2025-07-28,Pending renewal
MPBPL10142,Mehul Madan,Sumer Wason,1962-09-02,2760-XXXX-XXXX,+912651605088,"H.No. 17, Salvi Ganj, Kharagpur-741031",Jahangirabad,Jahangirabad PS,Pistol,10mm Glock,2021-06-11,2024-06-10,Issued,True,,2025-02-11,True,2025-07-28,Delayed submission
MPBPL10143,Nirvaan Dani,Eva Raj,1998-06-28,4201-XXXX-XXXX,7237205153,"H.No. 047, Ramaswamy Path, Kollam-338398",TT Nagar,TT Nagar PS,Pistol,10mm Desert Eagle,2023-11-01,2026-10-31,Overdue,True,Voluntary,2025-05-11,True,2025-07-28,Delayed submission
MPBPL10144,Anahi Baral,Kismat Ganesh,2003-09-18,8790-XXXX-XXXX,04245115838,"H.No. 71, Srivastava Circle, Karaikudi-255533",Bairagarh,Bairagarh PS,Double Barrel,11mm Glock,2021-04-11,2024-04-10,Issued,True,Festival,2025-01-15,True,2025-07-28,Delayed submission
MPBPL10145,Himmat Kota,Dharmajan Joshi,1965-04-23,2789-XXXX-XXXX,05569838497,"385, Walla Circle, Hosur-789048",Bairagarh,Bairagarh PS,Pistol,11mm Colt,2024-01-12,2027-01-11,Overdue,False,,,True,2025-07-28,Pending renewal
MPBPL10146,Shalv Agarwal,Ryan Ramachandran,1970-11-11,5648-XXXX-XXXX,05493190621,"23/60, Dhingra Road, Nagpur 921262",Habibganj,Habibganj PS,Double Barrel,9mm Desert Eagle,2022-08-12,2025-08-11,Issued,True,Riot,2023-03-17,True,2025-07-28,No issue
MPBPL10147,Divyansh Jayaraman,Aaina Rau,2003-06-24,3632-XXXX-XXXX,+916981617544,"817, Subramaniam Street, Allahabad 881546",TT Nagar,TT Nagar PS,Double Barrel,12mm Desert Eagle,2024-05-07,2027-05-07,Submitted,False,,,False,,No issue
MPBPL10148,Sahil Andra,Mahika Balay,1960-10-15,2389-XXXX-XXXX,01439444327,"H.No. 88, Devi Marg, Panihati 400011",Shahpura,Shahpura PS,Air Gun,9mm Glock,2021-06-11,2024-06-10,Suspended,False,,,False,,No issue
MPBPL10149,Navya Jayaraman,Miraya Dutt,1979-11-23,1936-XXXX-XXXX,09015898006,"65/69, Srinivas, Rampur 200242",MP Nagar,MP Nagar PS,Double Barrel,10mm Colt,2023-03-16,2026-03-15,Overdue,True,Voluntary,2025-01-08,True,2025-07-28,Pending renewal
MPBPL10150,Anay Upadhyay,Nirvaan Dani,1976-04-03,2835-XXXX-XXXX,0875162021,"32/517, Desai Road, Solapur 542399",Piplani,Piplani PS,Rifle,12mm Glock,2023-12-05,2026-12-04,Issued,False,,,True,2025-07-28,
MPBPL10151,Inaaya  Bhandari,Heer Lala,1995-08-26,4280-XXXX-XXXX,07004455282,"97, Arora Ganj, Mira-Bhayandar 425333",Piplani,Piplani PS,Rifle,10mm Glock,2024-01-11,2027-01-10,Issued,True,,2025-03-24,True,2025-07-28,No issue
MPBPL10152,Suhana Thakkar,Kismat Chand,1960-06-29,2095-XXXX-XXXX,09955208462,"96, Cheema, Rampur-697105",Kolar,Kolar PS,Pistol,10mm Colt,2024-04-23,2027-04-23,Submitted,True,Riot,2025-06-25,True,2025-07-28,Delayed submission
MPBPL10153,Himmat Sekhon,Ranbir Setty,1960-03-21,5193-XXXX-XXXX,3122058113,"41, Khosla Nagar, Gwalior-362397",MP Nagar,MP Nagar PS,Revolver,9mm Beretta,2022-07-08,2025-07-07,Suspended,True,Festival,2024-07-01,True,2025-07-28,Delayed submission
MPBPL10154,Parinaaz Sarna,Saanvi Kapadia,1978-05-04,1732-XXXX-XXXX,9993120121,"34/293, Ratta Marg, Hazaribagh 522806",Kolar,Kolar PS,Double Barrel,9mm Beretta,2022-09-12,2025-09-11,Submitted,True,Festival,2025-05-26,True,2025-07-28,
MPBPL10155,Devansh Chadha,Shamik Mander,2001-12-26,2147-XXXX-XXXX,+918502618444,"04/08, Sethi Marg, Mirzapur-928073",Bairagarh,Bairagarh PS,Double Barrel,11mm Colt,2021-10-17,2024-10-16,Submitted,True,,2024-04-24,True,2025-07-28,Pending renewal
MPBPL10156,Raunak Rama,Hazel Viswanathan,1962-10-30,7829-XXXX-XXXX,8939267360,"H.No. 430, Kumer Nagar, Satara-618210",Jahangirabad,Jahangirabad PS,Air Gun,12mm Desert Eagle,2023-08-08,2026-08-07,Overdue,True,,2025-04-26,True,2025-07-28,No issue
MPBPL10157,Mannat Golla,Seher Venkataraman,1989-01-12,5038-XXXX-XXXX,09009174573,"713, Bedi Circle, Tiruppur 020160",Piplani,Piplani PS,Double Barrel,11mm Glock,2020-12-08,2023-12-08,Suspended,True,Voluntary,2024-01-14,True,2025-07-28,
MPBPL10158,Madhav Dash,Jivika Dixit,1961-09-01,6661-XXXX-XXXX,02466911263,"10, Bhasin Chowk, Warangal-697274",Kohefiza,Kohefiza PS,Revolver,12mm Beretta,2021-03-28,2024-03-27,Overdue,True,Festival,2024-07-11,True,2025-07-28,Pending renewal
MPBPL10159,Jayant Kanda,Lakshit Bedi,1986-08-16,8236-XXXX-XXXX,04266419564,"69, Saraf Street, Thoothukudi-775519",Shahpura,Shahpura PS,Pistol,11mm Colt,2021-01-18,2024-01-18,Submitted,False,,,False,,No issue
MPBPL10160,Krish Bhagat,Eshani Singh,1983-08-09,5586-XXXX-XXXX,03260206155,"58/72, Malhotra Path, Munger-483808",Jahangirabad,Jahangirabad PS,Double Barrel,11mm Glock,2023-04-23,2026-04-22,Submitted,True,Election,2024-01-10,True,2025-07-28,No issue
MPBPL10161,Samar Mani,Damini Sethi,2000-08-10,9291-XXXX-XXXX,+911236225322,"13/838, Bali, Serampore-099740",Ashoka Garden,Ashoka Garden PS,Revolver,11mm Glock,2021-07-24,2024-07-23,Issued,True,Riot,2022-10-19,True,2025-07-28,Delayed submission
MPBPL10162,Amani Thakkar,Himmat Dey,1994-11-20,5450-XXXX-XXXX,07074883072,"H.No. 589, Lala Road, Visakhapatnam-529704",TT Nagar,TT Nagar PS,Revolver,9mm Colt,2022-11-07,2025-11-06,Submitted,False,,,True,2025-07-28,Delayed submission
MPBPL10163,Yakshit Kale,Neysa Tara,1966-07-19,4527-XXXX-XXXX,+911870279450,"41/449, Krish Circle, Satna 823819",Shahpura,Shahpura PS,Rifle,11mm Beretta,2024-05-06,2027-05-06,Overdue,True,,2024-10-29,True,2025-07-28,No issue
MPBPL10164,Renee Barad,Dhruv Toor,1986-06-25,5062-XXXX-XXXX,08670313867,"52, Savant Circle, Korba-157717",Piplani,Piplani PS,Pistol,11mm Colt,2023-05-01,2026-04-30,Issued,True,Election,2024-06-27,True,2025-07-28,No issue
MPBPL10165,Kabir Sahni,Samiha Jaggi,1977-02-04,9981-XXXX-XXXX,4632429796,"H.No. 61, Kant Circle, Parbhani 164506",Kohefiza,Kohefiza PS,Rifle,12mm Beretta,2022-02-10,2025-02-09,Overdue,True,Riot,2023-01-11,True,2025-07-28,
MPBPL10166,Rasha Manda,Rasha Sarna,1962-12-11,3420-XXXX-XXXX,8627652470,"88/41, Brar Path, Kottayam-901437",TT Nagar,TT Nagar PS,Revolver,9mm Beretta,2024-07-17,2027-07-17,Suspended,False,,,True,2025-07-28,Delayed submission
MPBPL10167,Saksham Devi,Pari Toor,1989-03-07,9636-XXXX-XXXX,+910988301538,"H.No. 06, Banerjee Marg, Rourkela-334113",TT Nagar,TT Nagar PS,Double Barrel,10mm Glock,2024-02-09,2027-02-08,Submitted,True,Election,2024-10-12,True,2025-07-28,Delayed submission
MPBPL10168,Hunar Lala,Urvi Saini,1979-09-15,7658-XXXX-XXXX,+913350678362,"45, Basak Street, Amravati 586678",MP Nagar,MP Nagar PS,Double Barrel,11mm Colt,2023-02-21,2026-02-20,Suspended,True,Voluntary,2023-10-18,True,2025-07-28,No issue
MPBPL10169,Eshani Karnik,Vritika Bumb,1961-08-19,2836-XXXX-XXXX,+916993432421,"H.No. 05, Balakrishnan Nagar, Kirari Suleman Nagar-357056",Habibganj,Habibganj PS,Double Barrel,10mm Desert Eagle,2024-04-19,2027-04-19,Submitted,True,,2024-12-21,True,2025-07-28,Delayed submission
MPBPL10170,Zeeshan Gade,Ryan Sheth,1970-05-03,6772-XXXX-XXXX,9342227063,"90, Toor Street, Thrissur 354751",Jahangirabad,Jahangirabad PS,Revolver,9mm Colt,2023-08-10,2026-08-09,Overdue,True,Festival,2024-10-14,True,2025-07-28,Pending renewal
MPBPL10171,Anya Bahri,Navya Kadakia,2000-08-11,6794-XXXX-XXXX,05329293829,"439, Konda Ganj, Bathinda 788241",MP Nagar,MP Nagar PS,Air Gun,11mm Beretta,2021-03-01,2024-02-29,Issued,True,Election,2023-08-26,True,2025-07-28,No issue
MPBPL10172,Zain Upadhyay,Eva Ravel,1967-06-11,1220-XXXX-XXXX,3522696921,"H.No. 047, Gera Road, Jhansi 700125",Jahangirabad,Jahangirabad PS,Revolver,12mm Beretta,2022-12-04,2025-12-03,Suspended,False,,,False,,Pending renewal
MPBPL10173,Nirvi Khanna,Anvi Halder,1962-06-30,2857-XXXX-XXXX,+911233949128,"98, Soni Path, Kota-950559",Kohefiza,Kohefiza PS,Rifle,12mm Colt,2020-12-02,2023-12-02,Suspended,True,Election,2021-10-16,True,2025-07-28,
MPBPL10174,Adah Kibe,Anahi Deo,1965-05-17,6896-XXXX-XXXX,+910911313016,"26, Issac, Hindupur 298648",Kolar,Kolar PS,Double Barrel,10mm Colt,2023-12-04,2026-12-03,Issued,False,,,True,2025-07-28,Delayed submission
MPBPL10175,Raunak Lalla,Jayan Dasgupta,1980-03-20,3957-XXXX-XXXX,05647240961,"57, Loyal Road, Karawal Nagar 662906",Jahangirabad,Jahangirabad PS,Air Gun,12mm Colt,2021-12-30,2024-12-29,Submitted,False,,,False,,Delayed submission
MPBPL10176,Trisha Saxena,Advik Venkataraman,1983-08-19,5804-XXXX-XXXX,02625222489,"30/45, Anne Road, Serampore-547971",Jahangirabad,Jahangirabad PS,Revolver,12mm Beretta,2021-08-30,2024-08-29,Overdue,False,,,False,,Delayed submission
MPBPL10177,Kavya Sen,Purab Gaba,1969-12-20,4132-XXXX-XXXX,05510773399,"77/27, Shroff Marg, Panchkula-487999",Kohefiza,Kohefiza PS,Air Gun,11mm Beretta,2022-12-03,2025-12-02,Submitted,True,Election,2023-03-31,True,2025-07-28,
MPBPL10178,Rania Barad,Ira Hayre,1967-07-12,5620-XXXX-XXXX,+914010436107,"527, Randhawa Path, Berhampore-978685",Bairagarh,Bairagarh PS,Double Barrel,9mm Colt,2022-03-03,2025-03-02,Suspended,False,,,False,,Delayed submission
MPBPL10179,Romil Desai,Amani Gour,1986-12-03,4757-XXXX-XXXX,6110133959,"H.No. 91, Rajagopalan Marg, Panihati-628472",TT Nagar,TT Nagar PS,Double Barrel,11mm Beretta,2021-05-16,2024-05-15,Issued,True,Voluntary,2024-03-19,True,2025-07-28,Delayed submission
MPBPL10180,Shray Rout,Yuvaan Madan,1966-01-17,5376-XXXX-XXXX,07391264431,"08/801, Setty Nagar, Saharsa-031700",MP Nagar,MP Nagar PS,Double Barrel,9mm Colt,2021-12-26,2024-12-25,Submitted,False,,,False,,Delayed submission
MPBPL10181,Kimaya Vohra,Arnav Sant,1991-04-05,3213-XXXX-XXXX,03436927953,"47/28, Saraf Zila, Gandhinagar-550226",MP Nagar,MP Nagar PS,Double Barrel,11mm Colt,2024-07-13,2027-07-13,Overdue,True,,2025-02-04,True,2025-07-28,Delayed submission
MPBPL10182,Nitya Dash,Kaira Ray,1974-08-12,9113-XXXX-XXXX,02030282538,"015, Vig Circle, Baranagar 396179",Kolar,Kolar PS,Revolver,11mm Colt,2022-01-14,2025-01-13,Issued,True,Voluntary,2022-07-11,True,2025-07-28,Pending renewal
MPBPL10183,Elakshi Sharaf,Indrans Swaminathan,2001-02-21,4233-XXXX-XXXX,+915687114005,"54/124, Varkey Circle, Allahabad 919617",Jahangirabad,Jahangirabad PS,Double Barrel,10mm Glock,2021-07-26,2024-07-25,Submitted,True,Voluntary,2022-09-26,True,2025-07-28,Pending renewal
MPBPL10184,Saksham Chana,Neysa Sekhon,1999-07-10,1645-XXXX-XXXX,+915465017353,"H.No. 478, Goel Path, Coimbatore 033826",Bairagarh,Bairagarh PS,Air Gun,10mm Beretta,2023-11-04,2026-11-03,Suspended,False,,,False,,Delayed submission
MPBPL10185,Lakshay Chaudry,Aniruddh Sahni,1996-03-25,3335-XXXX-XXXX,6294179914,"15/921, Samra Road, Muzaffarpur 159392",Habibganj,Habibganj PS,Rifle,10mm Colt,2023-03-11,2026-03-10,Issued,False,,,True,2025-07-28,Delayed submission
MPBPL10186,Vaibhav Jha,Sara Doctor,1977-08-30,8051-XXXX-XXXX,09621748660,"49/68, Kumer Chowk, Karnal-378766",Jahangirabad,Jahangirabad PS,Revolver,12mm Colt,2023-10-04,2026-10-03,Submitted,True,,2024-08-25,True,2025-07-28,
MPBPL10187,Anahi Gupta,Chirag Cheema,1971-04-13,9359-XXXX-XXXX,0611674247,"H.No. 016, Sehgal Chowk, Saharsa 452653",Kolar,Kolar PS,Rifle,12mm Beretta,2023-08-03,2026-08-02,Issued,False,,,False,,Pending renewal
MPBPL10188,Ishaan Wagle,Himmat Vora,1985-07-04,5067-XXXX-XXXX,5116059375,"89, Barman, Kulti 021228",Bairagarh,Bairagarh PS,Air Gun,11mm Colt,2023-05-27,2026-05-26,Issued,True,Festival,2024-12-12,True,2025-07-28,Pending renewal
MPBPL10189,Eshani Setty,Renee Brar,1967-05-11,3781-XXXX-XXXX,00017228751,"64, Raju Nagar, Vellore 158715",TT Nagar,TT Nagar PS,Rifle,9mm Beretta,2021-01-07,2024-01-07,Overdue,False,,,True,2025-07-28,
MPBPL10190,Fateh Iyengar,Kismat Sahota,1962-04-28,7003-XXXX-XXXX,2618196348,"69/77, Rastogi Circle, Jodhpur 273237",TT Nagar,TT Nagar PS,Revolver,9mm Desert Eagle,2021-12-27,2024-12-26,Issued,False,,,True,2025-07-28,Delayed submission
MPBPL10191,Lakshay Choudhary,Arhaan Chada,1996-07-22,1618-XXXX-XXXX,1818487157,"19/809, Sangha Circle, Bareilly-300380",Piplani,Piplani PS,Double Barrel,9mm Glock,2024-02-22,2027-02-21,Submitted,False,,,False,,Delayed submission
MPBPL10192,Aayush Khosla,Dharmajan Chokshi,1965-10-02,4157-XXXX-XXXX,9116121445,"H.No. 70, Sehgal, Gangtok 286407",Ashoka Garden,Ashoka Garden PS,Pistol,11mm Beretta,2021-12-07,2024-12-06,Issued,False,,,False,,Pending renewal
MPBPL10193,Vihaan Dugar,Ahana  Dixit,1987-05-19,9914-XXXX-XXXX,02116121361,"75/066, Goda Ganj, Pali-419308",Habibganj,Habibganj PS,Rifle,12mm Colt,2021-02-22,2024-02-22,Suspended,True,Riot,2022-08-18,True,2025-07-28,Delayed submission
MPBPL10194,Himmat Sane,Kabir Sood,1986-06-28,2507-XXXX-XXXX,1250978110,"95/354, Chand Ganj, Karaikudi 893433",Kolar,Kolar PS,Pistol,12mm Beretta,2023-10-18,2026-10-17,Suspended,False,,,True,2025-07-28,No issue
MPBPL10195,Ishita Garde,Aarna Gade,1992-08-07,5928-XXXX-XXXX,+919218272413,"20/16, Karpe Ganj, Shivpuri 907934",TT Nagar,TT Nagar PS,Rifle,9mm Colt,2024-03-07,2027-03-07,Overdue,False,,,True,2025-07-28,No issue
MPBPL10196,Himmat Lanka,Shalv Joshi,1987-02-05,3765-XXXX-XXXX,8551680761,"48/91, Reddy Path, Agartala 664380",Habibganj,Habibganj PS,Revolver,12mm Colt,2021-07-01,2024-06-30,Submitted,False,,,True,2025-07-28,Delayed submission
MPBPL10197,Ojas Kale,Mishti Sawhney,2003-03-18,6265-XXXX-XXXX,6039910107,"H.No. 827, Sarin Marg, Vasai-Virar 887286",Piplani,Piplani PS,Double Barrel,9mm Beretta,2022-05-23,2025-05-22,Overdue,False,,,False,,
MPBPL10198,Indrans Thakkar,Dishani Lall,1964-04-16,8076-XXXX-XXXX,2737773086,"87/180, Majumdar, Dhanbad-232750",Bairagarh,Bairagarh PS,Revolver,11mm Glock,2023-01-08,2026-01-07,Submitted,False,,,True,2025-07-28,No issue
MPBPL10199,Himmat Wadhwa,Gokul Hayre,1970-10-19,3275-XXXX-XXXX,04564604620,"H.No. 528, Sastry Ganj, Anand 090376",Piplani,Piplani PS,Revolver,11mm Desert Eagle,2023-03-20,2026-03-19,Issued,True,Festival,2025-07-23,True,2025-07-28,Delayed submission
